mysql>
mysql> alter user 'root'@'localhost' identified by 'jj';
Query OK, 0 rows affected (0.01 sec)

mysql> flush privileges;
Query OK, 0 rows affected (0.00 sec)

exit

root@c3:~# service mysql restart

mysql> alter user 'root'@'localhost' identified with mysql_native_password by 'jj';

Linux - user: web, 1
mysql - user: myweb, 1, webDB

root@c3:~# useradd web
root@c3:~# passwd web
새 암호:
새 암호 재입력:
passwd: 암호를 성공적으로 업데이트했습니다
root@c3:~# tail -3 /etc/passwd
cctv:x:1007:1010::/home/cctv:/bin/bash
ace:x:1008:1011::/home/ace:/bin/bash
web:x:1009:1012::/home/web:/bin/bash
root@c3:~# mysql -u root -p

mysql> grant all privileges on webDB.* to myweb@localhost;
Query OK, 0 rows affected (0.00 sec)

mysql> select user, host from user;
+------------------+-----------+
| user             | host      |
+------------------+-----------+
| debian-sys-maint | localhost |
| myace            | localhost |
| mysql.infoschema | localhost |
| mysql.session    | localhost |
| mysql.sys        | localhost |
| myweb            | localhost |
| root             | localhost |
+------------------+-----------+
7 rows in set (0.00 sec)

----------------------------------------------------------------------------------------

Linux - user: it, 1
mysql - user: mywit, 1, itDB

root@c3:~# useradd it
root@c3:~# passwd it
새 암호:
새 암호 재입력:
passwd: 암호를 성공적으로 업데이트했습니다
root@c3:~#

root@c3:~# mysql -u root -p
Enter password:
Welcome to the MySQL monitor.  Commands end with ; or \g.
Your MySQL connection id is 19
Server version: 8.0.31-0ubuntu0.22.04.1 (Ubuntu)

Copyright (c) 2000, 2022, Oracle and/or its affiliates.

Oracle is a registered trademark of Oracle Corporation and/or its
affiliates. Other names may be trademarks of their respective
owners.

Type 'help;' or '\h' for help. Type '\c' to clear the current input statement.

mysql>


mysql> use mysql
Reading table information for completion of table and column names
You can turn off this feature to get a quicker startup with -A

Database changed

mysql> create user myit@localhost identified with mysql_native_password by '1';
Query OK, 0 rows affected (0.00 sec)

mysql> grant all privileges on itDB.* to myit@localhost;
Query OK, 0 rows affected (0.01 sec)

mysql> flush privileges;
Query OK, 0 rows affected (0.00 sec)

it로 로그인
it@c3:~$ mysql -u myit -p
Enter password:
Welcome to the MySQL monitor.  Commands end with ; or \g.
Your MySQL connection id is 22
Server version: 8.0.31-0ubuntu0.22.04.1 (Ubuntu)

Copyright (c) 2000, 2022, Oracle and/or its affiliates.

Oracle is a registered trademark of Oracle Corporation and/or its
affiliates. Other names may be trademarks of their respective
owners.

Type 'help;' or '\h' for help. Type '\c' to clear the current input statement.

mysql> select user();
+----------------+
| user()         |
+----------------+
| myit@localhost |
+----------------+
1 row in set (0.00 sec)

mysql> use mysql
ERROR 1044 (42000): Access denied for user 'myit'@'localhost' to database 'mysql'

mysql> create database itDB;
Query OK, 1 row affected (0.01 sec)

mysql> use itDB;
Database changed
mysql>

------------------------------------------------------------------------------------------

it@c3:~$
it@c3:~$ whoami
it
it@c3:~$ mysql -u myit -p
Enter password:
Welcome to the MySQL monitor.  Commands end with ; or \g.
Your MySQL connection id is 23
Server version: 8.0.31-0ubuntu0.22.04.1 (Ubuntu)

Copyright (c) 2000, 2022, Oracle and/or its affiliates.

Oracle is a registered trademark of Oracle Corporation and/or its
affiliates. Other names may be trademarks of their respective
owners.

Type 'help;' or '\h' for help. Type '\c' to clear the current input statement.

mysql>

mysql> use mysql
ERROR 1044 (42000): Access denied for user 'myit'@'localhost' to database 'mysql'

mysql> use itDB;
Database changed
mysql> create itDB;
ERROR 1064 (42000): You have an error in your SQL syntax; check the mancorresponds to your MySQL server version for the right syntax to use ne at line 1
mysql> show tables;
Empty set (0.00 sec)

mysql> create table Man(name char(20), age int);
Query OK, 0 rows affected (0.02 sec)

mysql> desc Man;
+-------+----------+------+-----+---------+-------+
| Field | Type     | Null | Key | Default | Extra |
+-------+----------+------+-----+---------+-------+
| name  | char(20) | YES  |     | NULL    |       |
| age   | int      | YES  |     | NULL    |       |
+-------+----------+------+-----+---------+-------+
2 rows in set (0.00 sec)

mysql> insert into Man values('김민재', 27);
Query OK, 1 row affected (0.01 sec)

mysql> insert into Man values('손흥민', 31);
Query OK, 1 row affected (0.00 sec)

mysql> insert into Man values('이강인', 36);
Query OK, 1 row affected (0.01 sec)

mysql> insert into Man values('호날두', 39);
Query OK, 1 row affected (0.01 sec)

mysql> select * from Man;
+-----------+------+
| name      | age  |
+-----------+------+
| 김민재    |   27 |
| 손흥민    |   31 |
| 이강인    |   36 |
| 호날두    |   39 |
+-----------+------+
4 rows in set (0.00 sec)

mysql> update Man set age=22 where name='이강인';
Query OK, 1 row affected (0.01 sec)
Rows matched: 1  Changed: 1  Warnings: 0

mysql> select * from Man;
+-----------+------+
| name      | age  |
+-----------+------+
| 김민재    |   27 |
| 손흥민    |   31 |
| 이강인    |   22 |
| 호날두    |   39 |
+-----------+------+
4 rows in set (0.00 sec)

mysql> delete from Man where name='호날두';
Query OK, 1 row affected (0.00 sec)

mysql> select * from Man;
+-----------+------+
| name      | age  |
+-----------+------+
| 김민재    |   27 |
| 손흥민    |   31 |
| 이강인    |   22 |
+-----------+------+
3 rows in set (0.00 sec)

mysql> show tables;
+----------------+
| Tables_in_itDB |
+----------------+
| Man            |
+----------------+
1 row in set (0.01 sec)

mysql> delete from Man;
Query OK, 3 rows affected (0.00 sec)		// 테이블은 그대로 있다.

mysql> select * from Man;
Empty set (0.00 sec)

mysql> drop table Man;
Query OK, 0 rows affected (0.01 sec)

mysql> show tables;
Empty set (0.00 sec)


mysql> drop database itDB;
Query OK, 0 rows affected (0.01 sec)

mysql> show databases;
+--------------------+
| Database           |
+--------------------+
| information_schema |
| performance_schema |
+--------------------+
2 rows in set (0.00 sec)


mysql> use itDB;
ERROR 1049 (42000): Unknown database 'itDB'
mysql> create database itDB;
Query OK, 1 row affected (0.01 sec)

mysql> use itDB;
Database changed
mysql>

--------------------------------------------------------------------------

root@c3:~# mkdir d5 cd d5
mkdir: `d5' 디렉토리를 만들 수 없습니다: 파일이 있습니다
root@c3:~# ls
D2  cd  d4  d5  snap
root@c3:~#

--------------------------------------------------------------------------

https://www.sqlite.org/download.html 접속하여 Precompiled Binaries for Windows용 다운로드
(sqlite-tools-win32-x86-3400100.zip (1.90 MiB))

root에서 sqlite3 입력하고 이후 다음과 같이 입력

sqlite> .open adb
sqlite> .table
sqlite> create table Man(name char(20), age int);
sqlite> insert into Man values("이강인", 22);
sqlite> insert into Man values("손흥민", 32);
sqlite> .hea on
sqlite> .mod col
sqlite> select * from Man;
name  age
----  ---
이강인   22
손흥민   32
sqlite>

-------------------------------------------------------------------------

root 계정에서 cd d5로 들어가서 sqlite3으로 접속하여 작업
안 그러면 a.txt가 안 열림

root@c3:~/d5# cat > a.txt
이순신|85|87|90
강감찬|75|80|95
한석봉|99|98|99
황진이|35|45|20
안중근|90|85|90
박문수|95|98|96
임꺽정|15|35|45
김정호|90|95|80
정몽주|90|90|95
양주종|50|45|60
ctrl + D 를 눌러 저장

putty 새로 열어서...
sqlite> .open adb
sqlite> .table
Man
sqlite> create table aa(name, kor, eng, mat);
sqlite> .import a.txt aa;

root@c3:~/d5# cat > a.txt
이순신|85|87|90
강감찬|75|80|95
한석봉|99|98|99
황진이|35|45|20
안중근|90|85|90
박문수|95|98|96
임꺽정|15|35|45
김정호|90|95|80
정몽주|90|90|95
양주종|50|45|60

-------------------------------------------------------------------------------

root@c3:~/d5# dq apache2
ii  apache2                               2.4.52-1ubuntu4.2                       amd64        Apache HTTP Server
ii  apache2-bin                           2.4.52-1ubuntu4.2                       amd64        Apache HTTP Server (modules and other binary files)
ii  apache2-data                          2.4.52-1ubuntu4.2                       all          Apache HTTP Server (common files)
ii  apache2-utils                         2.4.52-1ubuntu4.2                       amd64        Apache HTTP Server (utility programs for web servers)

root@c3:~/d5# pq mysql
mysql        899       1  0 11:51 ?        00:00:04 /usr/sbin/mysqld
root        2031    1383  0 12:06 pts/1    00:00:00 grep --color=auto mysql

root@c3:~/d5# systemctl stop mysqld
Failed to stop mysqld.service: Unit mysqld.service not loaded.

root@c3:~/d5# systemctl stop mysql

root@c3:~/d5# pq mysql
root        2039    1383  0 12:07 pts/1    00:00:00 grep --color=auto mysql

root@c3:~/d5# mysql
ERROR 2002 (HY000): Can't connect to local MySQL server through socket '/var/run/mysqld/mysqld.sock' (2)

root@c3:~/d5# systemctl start mysql
root@c3:~/d5# mysql -u root -p
Enter password:
ERROR 1045 (28000): Access denied for user 'root'@'localhost' (using password: YES)

-------------------------------------------------------------------------------

root@c3:~/d5# apt install nmap
root@c3:~/d5# service apache2 stop
nmap liroot@c3:~/d5# nmap localhost
Starting Nmap 7.80 ( https://nmap.org ) at 2023-01-20 12:13 KST
Nmap scan report for localhost (127.0.0.1)
Host is up (0.0000040s latency).
Not shown: 995 closed ports
PORT     STATE SERVICE
22/tcp   open  ssh
25/tcp   open  smtp
587/tcp  open  submission
3306/tcp open  mysql
8080/tcp open  http-proxy

root@c3:~/d5# service apache2 start
root@c3:~/d5# cd /var/www/html/
root@c3:/var/www/html# mv index.html origin.html
root@c3:/var/www/html# echo "엄태훈" > a.html
root@c3:/var/www/html# echo "Hello" > a.html
root@c3:/var/www/html# cat > index.html
<meta charset='utf-8'> <br><hr><br><body bgcolor=red text=white><center>
<br> 이란!!! 이루는 적이 아닙니다. <br> <hr> root@c3:/var/www/html#
root@c3:/var/www/html#

----------------------------------------------------------------------------------

root@c3:~# cd /etc/ap
apache2/    apparmor/   apparmor.d/ apport/     apt/
root@c3:~# cd /etc/apache2/
root@c3:/etc/apache2# ls
apache2.conf    envvars         mods-enabled     sites-enabled
conf-available  magic           ports.conf
conf-enabled    mods-available  sites-available
root@c3:/etc/apache2# vi apache2.conf

root@c3:/var/www/html# mkdir dd
root@c3:/var/www/html# cd dd
root@c3:/var/www/html/dd# cal > c.txt
root@c3:/var/www/html/dd# date > d.txt
root@c3:/var/www/html/dd# mkdir d2

root@c3:/etc/apache2# vi apache2.conf
171번 라인 Options Indexes FollowSymLinks에서 Indexes 지우고 저장
root@c3:/etc/apache2# service apache2 restart
root@c3:/etc/apache2# cp apache2.conf /data		// 백업하기 위해 복사

다시 Options Indexes FollowSymLinks으로 원복하고 저장
root@c3:/etc/apache2# service apache2 restart

---------------------------------------------------------------------------------------

root@c3:/etc/apache2# dq php				// php 설치 확인
root@c3:/etc/apache2# ai php				// php 설치
root@c3:/var/www/html/dd# vi k.php
1 <?php
  2     echo( " APM 완료!!! <br> ");
  3
  4     phpinfo();
  5 ?>
:x 저장하고

127.0.0.1/dd로 들어가 k.php 들어가지는지 확인!!!

---------------------------------------------------------------------------------------


root@c3:/etc/apache2# dq ftp
ii  ftp                                   20210827-4build1                        all          dummy transitional package for tnftp
ii  openssh-sftp-server                   1:8.9p1-3ubuntu0.1                      amd64        secure shell (SSH) sftp server module, for SFTP access from remote machines
ii  tnftp                                 20210827-4build1                        amd64        enhanced ftp client
root@c3:/etc/apache2#

ai vsftpd

root@c3:~# service vsftpd restart
root@c3:~# service vsftpd status
● vsftpd.service - vsftpd FTP server
     Loaded: loaded (/lib/systemd/system/vsftpd.service; enabled; vend>
     Active: active (running) since Fri 2023-01-20 14:23:35 KST; 7s ago
    Process: 1719 ExecStartPre=/bin/mkdir -p /var/run/vsftpd/empty (co>
   Main PID: 1720 (vsftpd)
      Tasks: 1 (limit: 2237)
     Memory: 856.0K
        CPU: 4ms
     CGroup: /system.slice/vsftpd.service
             └─1720 /usr/sbin/vsftpd /etc/vsftpd.conf

 1월 20 14:23:34 c3 systemd[1]: Starting vsftpd FTP server...
 1월 20 14:23:35 c3 systemd[1]: Started vsftpd FTP server.

--------------------------------------------------------------------------------------------------------------

root@c3:~/d5# dq bind
ii  bind9-dnsutils                        1:9.18.1-1ubuntu1.2                     amd64        Clients provided with BIND 9
ii  bind9-host                            1:9.18.1-1ubuntu1.2                     amd64        DNS Lookup Utility
ii  bind9-libs:amd64                      1:9.18.1-1ubuntu1.2                     amd64        Shared Libraries used by BIND 9
ii  libatk-wrapper-java-jni:amd64         0.38.0-5build1                          amd64        ATK implementation for Java using JNI (JNI bindings)
ii  python3-commandnotfound               22.04.0                                 all          Python 3 bindings for command-not-found.
ii  python3-gi                            3.42.1-0ubuntu1                         amd64        Python 3 bindings for gobject-introspection libraries
ii  python3-systemd                       234-3ubuntu2                            amd64        Python 3 bindings for systemd

ai bind9

root@c3:~/d5# dq sendmail
ii  sendmail                              8.15.2-22ubuntu3                        all          powerful, efficient, and scalable Mail Transport Agent (metapackage)
ii  sendmail-base                         8.15.2-22ubuntu3                        all          powerful, efficient, and scalable Mail Transport Agent (arch independent files)
ii  sendmail-bin                          8.15.2-22ubuntu3                        amd64        powerful, efficient, and scalable Mail Transport Agent
ii  sendmail-cf                           8.15.2-22ubuntu3                        all          powerful, efficient, and scalable Mail Transport Agent (config macros)

----------------------------------------------------------------------------------------------------------------
  
  1 #!/bin/bash
  2 typeset -i b=10
  3 if [ $b -eq 10 ];
  4
  5 then
  6     echo " \$b = $b "
  7 fi
  8 echo " *************************************** "
  9
 10 for i in aa bb cc dd
 11 do
 12     echo " i = $i "
 13 done
 14
 15 n=1
 16 while [ $n -le 10 ]
 17 do
 18     sum=`expr $sum + $n`
 19     echo " n = $n, sum = $sum "
 20     n=`expr $n + 1`
 21 done
 22
 23 v=2
 24 case $v in
 25     1)
 26         echo "Apple"
 27         ;;
 28     2)
 29         echo "Grape"
 30         ;;
 31     3)
 32         echo "Kiwi"
 33         ;;
 34 esac
 35
 36 echo "*************************"
 37
 38 for(( i=0; i<5; ++i ))
 39 do
 40     if ((i == 3))
 41             then continue;
 42         fi
 43         echo "\$i ==> $i "
 44 done
 45
 46 echo "**************************"
 47
 48 for(( i=0; i<5; ++i ))
 49 do
 50     if ((i == 3))
 51         then break;
 52     fi
 53 done

--------------------------------------------------------------


